feature,coefficient
s1,-44.448855642536046
s5,35.161195210920695
bmi,25.60712143899743
s2,24.640953560447617
bp,16.828871666252752
s4,13.138783899963466
sex,-11.511809081546586
s3,7.676977684866769
s6,2.3513636510244176
age,1.7537579919417843
