metric,value
MAE,42.794094679599944
MSE,2900.1936284934827
RMSE,53.85344583676594
R2,0.45260276297191926
